{
  "title": "Bob's Crafting Guide",
  "description": "A Module for crafting, brewing, harvesting, mining, fabricating, gathering, character advancement, tech tree, skill tree, ability tree, downtime activities, factions / organisation reputation, quest logs, skill training",
  "id": "bobs-crafting-guide",
  "version": "4.1.6",
  "authors": [
    {
      "name": "Bob (ogregod)",
      "url": "https://github.com/ogregod"
    }
  ],
  "languages": [
    {
      "lang": "en",
      "name": "English",
      "path": "lang/en.json"
    },
    {
      "lang": "pt-BR",
      "name": "Português",
      "path": "lang/pt-BR.json"
    },
    {
      "lang": "fr",
      "name": "French",
      "path": "lang/fr.json"
    }
  ],
  "esmodules": [
    "src/main.js"
  ],
  "styles": [
    "css/crafting.css"
  ],
  "packs": [
    {
      "entity": "Item",
      "label": "ingredients",
      "name": "ingredients",
      "path": "./packs/ingredients.db",
      "module": "bobs-crafting-guide",
      "system": "dnd5e",
      "type": "Item",
      "private": false
    }
  ],
  "url": "https://github.com/ogregod/Bob-s-Crafting-Fix",
  "manifest": "https://github.com/ogregod/Bob-s-Crafting-Fix/releases/latest/download/module.json",
  "download": "https://github.com/ogregod/Bob-s-Crafting-Fix/releases/latest/download/bobs-crafting-guide.zip",
  "relationships": {
    "systems": [
      {
        "id": "dnd5e",
        "type": "system",
        "compatibility": {
          "minimum": "5.2.0",
          "verified": "5.2.4"
        }
      }
    ]
  },
  "compatibility": {
    "minimum": "13",
    "verified": "13.351"
  }
}
